{"cameraMode":{"drawMode":0,"name":"Shaded","section":"Shading Mode"},"sceneLighting":true,"audioPlay":false,"sceneViewState":{"showFog":true,"showMaterialUpdate":false,"showSkybox":true,"showFlares":true,"showImageEffects":true,"showParticleSystems":true},"in2DMode":false,"pivot":{"x":784.738037109375,"y":298.40045166015627,"z":-554.7976684570313},"rotation":{"x":-0.02880284935235977,"y":0.014091127552092076,"z":-0.0004060465143993497,"w":-0.9994907379150391},"size":6.661822319030762,"orthographic":false}